<?xml version="1.0" encoding="UTF-8"?>
<project-private xmlns="http://www.netbeans.org/ns/project-private/1">
    <editor-bookmarks xmlns="http://www.netbeans.org/ns/editor-bookmarks/2" lastBookmarkId="0"/>
    <open-files xmlns="http://www.netbeans.org/ns/projectui-open-files/2">
        <group>
            <file>file:/C:/xampp/htdocs/servicios/librerias/fun_persistencia.php</file>
            <file>file:/C:/xampp/htdocs/servicios/validarCliente.php</file>
            <file>file:/C:/xampp/htdocs/servicios/librerias/fun_servicios.php</file>
            <file>file:/C:/xampp/htdocs/servicios/index.php</file>
            <file>file:/C:/xampp/htdocs/servicios/registrarPagoServicio.php</file>
            <file>file:/C:/xampp/htdocs/servicios/registrarCliente.php</file>
            <file>file:/C:/xampp/htdocs/servicios/conexion/conexion.php</file>
            <file>file:/C:/xampp/htdocs/servicios/resumenPago.php</file>
        </group>
    </open-files>
</project-private>
